Id,Tag
39585328,python
39585328,numpy
39585328,hash
39585328,intersection
39586398,python
39586398,pandas
39586398,indexing
39586398,dataframe
39586398,condition
39590187,python
39590187,requirements.txt
39590741,python
39590741,osx
39590741,opencv
39590942,python
39590942,numpy
39590942,vector
39591831,python
39591831,numpy
39591831,scipy
39591831,sympy
39593275,python
39593275,pandas
39593275,rpy2
39597405,python
39597405,numpy
39597405,runtime
39598618,python
39598618,datetime
39598618,pandas
39598666,python
39598666,django
39598724,python
39598724,python-2.7
39598724,opencv
39598724,opencv3.0
39599192,python
39599192,pandas
39600161,python
39600161,regex
39600833,python
39600833,python-3.x
39600833,slice
39602004,python
39602004,pandas
39602004,comparison
39602004,floating-accuracy
39602004,comparison-operators
39602785,python
39602785,pandas
39602802,python
39602802,pandas
39602824,python
39602824,string
39602824,python-2.7
39602824,pandas
39602824,replace
39603391,python
39603391,short-circuiting
39603399,python
39603399,pandas
39603399,mean
39603399,numeric
39603399,resampling
39603571,python
39603571,pandas
39604586,python
39604586,pandas
39604586,time-series
39604903,python
39604903,python-3.x
39604903,pyqt
39604903,pyqt4
39604903,qthread
39605640,python
39605640,json
39605839,python
39605839,for-loop
39607540,python
39607540,pandas
39608282,python
39608282,string
39608282,pandas
39608282,casting
39608282,int
39609391,python
39609391,python-2.7
39609391,pandas
39609391,numpy
39609391,scipy
39609426,python
39609426,python-2.7
39609426,pandas
39611045,python
39611045,arrays
39611045,multithreading
39611045,multiprocessing
39612300,python
39612300,python-2.7
39612300,pandas
39612300,indexing
39612300,condition
39613476,python
39613476,sqlalchemy
39613476,rabbitmq
39613476,python-multiprocessing
39613476,python-asyncio
39614381,python
39614381,python-3.x
39614381,matplotlib
39614381,fonts
39614381,anaconda
39614777,python
39614777,python-3.x
39614777,pyqt
39615948,python
39615948,debugging
39615948,pycharm
39615948,breakpoints
39618648,python
39618648,matlab
39618648,julia-lang
39618943,python
39618943,floating-point
39618943,rounding
39618943,floating-accuracy
39618943,ieee-754
39619676,python
39619676,django
39619676,python-3.x
39619676,csv
39619676,python-requests
39620351,javascript
39620351,python
39620351,web-scraping
39620351,pyqt
39620547,python
39620547,numpy
39620547,scikit-learn
39620547,neural-network
39620547,neupy
39621900,python
39621900,dll
39621900,d
39622059,python
39622059,arrays
39622059,numpy
39622081,python
39622081,pandas
39622081,dataframe
39622081,casting
39622288,python
39622288,python-3.x
39622288,generator
39623764,python
39623764,performance
39623764,python-c-api
39624223,python
39624223,multithreading
39624223,sockets
39624223,celery
39624223,python-multiprocessing
39626233,python
39626233,c
39626233,numpy
39627188,python
39627188,concurrency
39627188,yield
39627188,coroutine
39627188,yield-from
39627490,python
39627490,matplotlib
39627490,colors
39627490,networkx
39627490,seaborn
39628456,python
39629823,python
39629823,mysql
39629823,prepared-statement
39630676,python
39630676,python-3.x
39630676,python-multithreading
39630676,python-multiprocessing
39630773,python
39630773,django
39630773,django-models
39630773,migration
39631386,python
39631386,html
39631386,beautifulsoup
39631386,web-crawler
39631386,yahoo-finance
39631995,python
39631995,qt
39631995,pyqt
39631995,thumbnails
39631995,pyside
39632347,python
39632347,twitter-bootstrap
39632347,pyramid
39632486,python
39632486,django
39632486,mongodb
39632486,mongoengine
39634577,python
39634577,scala
39634577,oop
39634577,design
39634577,jvm
39637675,python
39637675,asynchronous
39637675,python-3.5
39639342,python
39641171,python
39641568,python
39641568,heroku
39641568,flask
39641568,bokeh
39641568,procfile
39642721,python
39642721,numpy
39644202,python
39644202,list
39644202,binding
39644478,python
39644478,django
39644514,python
39644514,cryptography
39644514,openssh
39644514,python-cryptography
39644517,python
39644517,list
39644517,slice
39644604,python
39644604,multithreading
39644604,python-3.x
39644604,urllib
39644604,downloading
39644748,python
39644885,python
39644885,class
39645125,python
39645125,pandas
39645125,scikit-learn
39645125,sklearn-pandas
39645153,python
39645153,geometry
39645153,polygon
39645153,shapely.geometry
39645804,python
39645804,csv
39646097,python
39646097,packaging
39646097,python-extensions
39646097,python-packaging
39646236,python
39646236,flask
39646236,wsgi
39646236,werkzeug
39646401,python
39646401,python-2.7
39646760,python
39646760,python-3.x
39647269,python
39647269,pandas
39647269,dataframe
39647269,analytics
39647269,data-science
39647440,python
39647440,windows
39647440,python-3.x
39647440,audio
39647459,python
39647459,xml
39647538,python
39647538,pandas
39647566,python
39647566,python-3.x
39647566,exec
39647566,python-exec
39647658,python
39647658,qt
39647658,pyside
39647658,pyinstaller
39647658,upx
39647774,python
39647774,matplotlib
39647774,histogram
39647824,python
39647824,pip
39647824,conditional
39647824,ansible
39647824,virtualenv
39647977,python
39647977,django
39647977,forms
39647977,input
39647977,hidden
39648038,python
39648038,numpy
39648038,math
39648038,scipy
39648189,python
39648189,pip
39648189,virtualenv
39649709,python
39650110,python
39650110,python-2.7
39650110,itertools
39650397,python
39650397,http
39650397,go
39650397,wget
39650735,python
39650735,python-3.x
39651540,python
39652922,python
39652922,regex
39653812,python
39653812,sorting
39653812,pandas
39653812,dataframe
39653812,group-by
39654060,python
39654060,tcp
39654646,python
39654646,list
39656433,java
39656433,python
39656433,email
39656433,outlook
39657173,python
39657173,setuptools
39657173,distutils
39657330,python
39657330,pandas
39657330,dataframe
39657330,calculated-columns
39657924,python
39657924,pyqt
39657924,qscintilla
39658574,python
39658574,pandas
39658574,duplicates
39658574,multiple-columns
39658574,spark-dataframe
39658717,python
39658717,matplotlib
39658717,plot
39658717,graph
39658717,jupyter-notebook
39658719,python
39658719,datetime
39658719,pyqt5
39658759,python
39658759,json
39658759,ruby
39658759,dashing
39660934,python
39660934,python-3.x
39660934,python-importlib
39660968,python
39660968,performance
39660968,parallel-processing
39660968,nearest-neighbor
39660968,kdtree
39661582,python
39661582,vba
39661582,ms-access
39661582,pyodbc
39662555,python
39662555,axis
39662555,excel-2013
39662555,xlsxwriter
39662847,python
39662847,python-2.7
39662847,debugging
39662847,unicode
39662847,monkeypatching
39663415,python
39663415,datastore
39663415,ckan
39664058,python
39664058,regex
39664058,perl
39664509,python
39664509,class
39664509,inheritance
39664509,instance
39665207,python
39665207,symbols
39665207,sympy
39665286,python
39665286,python-2.7
39665702,python
39665702,numpy
39665702,machine-learning
39665702,tensorflow
39666136,python
39666136,string
39666136,numpy
39666136,logical-operators
39666890,python
39666890,html
39666890,web-scraping
39666890,beautifulsoup
39667089,python
39667089,numpy
39667089,vectorization
39667572,python
39667572,datetime
39669147,python
39669147,regex
39669147,python-2.7
39669538,python
39669538,unit-testing
39669538,python-unittest
39669538,python-unittest.mock
39669718,python
39669718,twisted
39670940,python
39670940,opencv
39671251,python
39671251,c++
39671251,arrays
39671251,vector
39671504,python
39671786,python
39671786,django
39671786,django-rest-framework
39672514,python
39672514,tensorflow
39672514,deep-learning
39672565,javascript
39672565,jquery
39672565,python
39672565,django
39672565,django-templates
39672696,python
39672696,selenium
39672696,selenium-webdriver
39672696,selenium-ide
39672696,selenium-firefoxdriver
39673377,python
39673377,arrays
39673377,numpy
39674713,python
39674713,neural-network
39674713,keras
39674713,recurrent-neural-network
39674713,lstm
39674876,python
39674876,pandas
39674876,group-by
39674876,pivot-table
39675844,python
39675844,asynchronous
39675844,lua
39675844,async-await
39675844,coroutine
39675898,python
39675898,string
39675898,string-concatenation
39676437,python
39676437,numpy
39676437,matrix
39677070,python
39677070,algorithm
39677070,time-complexity
39677462,python
39677462,opencv
39677462,numpy
39677462,scipy
39677462,skimage
39677967,python
39677967,numpy
39677967,probability
39677967,sampling
39680733,python
39680733,numpy
39680733,video
39680733,matplotlib
39680733,simulation
39682512,python
39682512,encryption
39682512,vim
39682512,blowfish
39682688,python
39682688,bash
39683153,python
39683153,numpy
39683153,matrix
39683228,python
39683228,google-app-engine
39683228,debugging
39683228,google-api
39683228,pycharm
39683274,python
39683274,tkinter
39684300,python
39684300,c++
39684300,numpy
39684300,tensorflow
39684300,blas
39684415,python
39684415,numpy
39684415,tensorflow
39684548,python
39684548,pandas
39684548,dataframe
39684796,python
39684796,opencv
39684796,animation
39684796,tiff
39684796,extraction
39684942,python
39684942,regex
39685168,python
39685168,scipy
39685168,updates
39685168,sparse-matrix
39685168,mean
39685757,python
39685757,python-2.7
39685757,opencv
39686132,python
39686132,python-2.7
39686132,pandas
39686132,dataframe
39686553,python
39686553,datetime
39686553,time
39686553,leap-second
39687713,python
39687713,python-3.x
39687713,python-2.x
39687713,python-internals
39688358,python
39688358,list
39688358,python-2.7
39688358,spotipy
39688927,python
39688927,machine-learning
39688927,scikit-learn
39688927,tf-idf
39688927,document-classification
39688985,python
39688985,deep-learning
39688985,keras
39689099,python
39689099,list
39689099,python-3.x
39689534,python
39689534,django
39689534,passenger
39689534,directory-structure
39689534,dreamhost
39689555,python
39689555,rapydscript
39690301,python
39690301,regex
39690301,python-3.x
39690742,python
39690742,pandas
39690742,numpy
39691091,python
39691091,regex
39691164,python
39691164,pandas
39691936,python
39691936,numpy
39691936,matplotlib
39692769,python
39692769,numpy
39692769,vectorization
39692999,python
39692999,nuke
39693056,python
39693056,regex
39693056,parsing
39693056,boolean-logic
39693126,python
39693126,django
39694155,javascript
39694155,python
39694155,regex
39694155,unicode
39694155,punctuation
39694192,python
39694192,string
39694192,pandas
39694192,numpy
39694192,int
39694646,python
39694646,c++
39694646,boost
39694646,fortran
39694646,gfortran
39694670,python
39694670,django
39694670,database
39695046,python
39695046,python-2.7
39695461,python
39695461,csv
39695461,pandas
39695606,python
39695606,pandas
39695606,indexing
39695606,
39695606,pandasql
39695675,python
39695675,numerical-methods
39695675,runge-kutta
39695700,python
39695700,python-2.7
39695700,flask
39695700,otp
39695700,octal
39696234,php
39696234,python
39696234,apache
39696234,yii2
39696606,python
39696606,ubuntu
39696606,anaconda
39696606,sudo
39696818,python
39696818,file
39698045,python
39698045,class
39698045,reflection
39698045,decorator
39698045,python-decorators
39698190,python
39698190,function
39698190,python-3.x
39702457,python
39702457,hash
39702457,integer
39702882,python
39702882,python-3.x
39702882,glsl
39702882,pyparsing
39703241,python
39703241,python-2.7
39704084,python
39704084,recursion
39704084,functional-programming
39704298,python
39704298,django
39704298,python-import
39704298,hang
39704367,python
39704367,google-app-engine
39704367,google-cloud-storage
39704367,google-cloud-platform
39705022,python
39705022,loops
39705022,pandas
39705022,dataframe
39705161,python
39705161,opencv
39705175,python
39705175,machine-learning
39705175,scikit-learn
39705175,gradient-descent
39706005,python
39706005,web-scraping
39706005,scrapy
39706164,python
39706164,pygame
39706242,python
39706242,numpy
39706242,scipy
39706242,statistics
39706394,python
39706394,subprocess
39706394,sublimetext
39706394,popen
39706735,python
39706735,curl
39706735,server
39706735,python-requests
39707080,python
39707080,pandas
39707080,ranking
39707080,rank
39707080,ordinal
39708247,python
39708247,function
39708247,return
39708568,python
39708568,arrays
39708568,numpy
39708568,edge-detection
39708662,python
39709147,python
39709147,python-3.x
39709147,dictionary
39709527,python
39709527,docx
39709527,python-docx
39709606,python
39710365,python
39710365,python-3.x
39710365,unicode
39710796,python
39710796,module
39710796,bioinformatics
39710796,samtools
39711229,python
39711229,pandas
39711229,matplotlib
39711229,plot
39711229,dataframe
39711281,python
39711281,python-descriptors
39711335,python
39711335,python-2.7
39711335,unicode
39711335,encoding
39711335,utf-8
39711422,python
39711422,pandas
39711422,dataframe
39711492,python
39711492,parallel-processing
39711560,python
39711560,matplotlib
39711560,colors
39711625,python
39711625,google-analytics
39711674,python
39711674,python-3.x
39711674,selenium
39711674,firefox
39711838,python
39711838,numpy
39711838,scipy
39711838,sparse-matrix
39711977,python
39711977,pandas
39711977,dataframe
39712435,python
39712435,pandas
39712435,numpy
39712557,python
39712557,algorithm
39712557,time-complexity
39712557,asymptotic-complexity
39712602,python
39712602,pandas
39713137,python
39713137,python-2.7
39713137,sorting
39713137,datetime
39713137,pandas
39713381,python
39713381,pandas
39713678,python
39713678,pandas
39713678,numpy
39713678,dataframe
39713773,python
39713773,regex
39713773,unicode
39714176,python
39714176,numpy
39714176,matplotlib
39714374,python
39714374,neural-network
39714374,tensorflow
39714374,
39714611,python
39714611,django
39714611,macos-sierra
39714682,python
39714682,pandas
39715121,python
39715121,for-loop
39715227,python
39715227,numpy
39715354,python
39715354,turtle-graphics
39715429,python
39715429,python-2.7
39715429,xpath
39715429,scrapy
39715910,python
39715910,pandas
39715910,dataframe
39715910,series
39715950,python
39715950,pandas
39716210,python
39716210,pandas
39716210,multi-index
39716271,python
39716271,csv
39716271,datetime
39716271,raspberry-pi
39716492,python
39716492,list
39716492,nested-lists
39717071,python
39717071,bash
39717071,shell
39717071,makefile
39717407,python
39717407,pandas
39717809,python
39717809,pandas
39718165,javascript
39718165,python
39718165,json
39718165,rest
39718576,python
39718576,arrays
39718576,hex
39718576,bit
39719140,python
39719140,arrays
39719140,numpy
39719140,binary
39719140,boolean
39719567,python
39719567,django
39719567,postgresql
39719567,transactions
39719567,acid
39719709,python
39719709,matplotlib
39719729,python
39719729,abstract-syntax-tree
39719729,control-flow-graph
39720836,python
39720836,machine-learning
39720836,scikit-learn
39720836,xgboost
39720836,ensemble-learning
39720919,python
39720919,python-2.7
39720919,soap
39720919,unicode
39720919,soappy
39721639,python
39721639,python-2.7
39721639,soap
39721639,wsdl
39721639,suds
39721800,python
39721800,pandas
39721800,dataframe
39721800,data-conversion
39721800,dask
39722310,python
39722310,mysql
39722310,django
39722310,sorting
39723061,python
39723061,python-2.7
39723061,pandas
39723061,dataframe
39723437,python
39723437,order
39723437,pipe
39723437,subprocess
39723437,python-3.5
39723925,python
39723925,csv
39723925,pandas
39723962,python
39723962,python-3.x
39725411,python
39725411,list
39726124,python
39726124,class
39726124,dictionary
39726477,python
39726477,qt
39726477,pyqt
39726477,pyqt5
39726577,python
39726577,rest
39726577,pycurl
39726577,http-status-code-422
39726583,python
39726583,matplotlib
39726737,python
39726737,python-2.7
39726737,text
39726737,punctuation
39727271,python
39727271,pandas
39727271,group-by
39727271,sum
39727271,aggregate
39727689,python
39727689,math
39727689,pi
39729508,python
39729508,numpy
39729508,matplotlib
39729508,mplot3d
39729558,python
39729558,py.test
39729710,python
39729710,selenium
39729710,debian
39729710,crontab
39729776,python
39729776,matplotlib
39729776,scaling
39729776,subplot
39729776,colorbar
39729787,python
39729787,tensorflow
39729787,uninstall
39729857,python
39729857,optimization
39729857,interfacing
39729995,python
39729995,pandas
39729995,utf-8
39730037,python
39730105,python
39730105,django
39730184,python
39730184,numpy
39730184,matplotlib
39730184,plot
39730199,python
39730199,multithreading
39730199,list
39730199,python-2.7
39730254,python
39730254,findfirst
39730467,python
39730467,python-2.7
39730467,matplotlib
39730467,plot
39730468,python
39730468,pandas
39730468,dictionary
39730468,dataframe
39730468,enumeration
39730524,python
39730524,list
39730524,python-3.x
39730524,oop
39730524,inheritance
39730737,python
39730737,datetime
39730737,pandas
39730737,numpy
39730737,scipy
39730787,python
39730787,django
39730787,paypal
39730787,django-paypal
39731396,python
39731396,pandas
39731396,dataframe
39731396,summarize
39731477,python
39731477,dictionary
39731669,python
39731669,tensorflow
39731669,keras
39732027,python
39732027,performance
39732027,optimization
39732027,timeit
39732213,python
39732213,numpy
39732213,inheritance
39732600,python
39732600,c
39732600,stack-overflow
39732600,buffer-overflow
39732608,python
39732842,python
39732842,ipython
39732842,jupyter
39732842,bokeh
39732957,python
39732957,arrays
39732957,performance
39732957,numpy
39733158,python
39733158,python-2.7
39733158,csv
39733269,python
39733343,python
39733343,scipy
39733443,python
39733443,python-3.x
39733443,dictionary
39733476,python
39733655,python
39733655,unit-testing
39733655,scrapy
39734209,python
39734209,string
39734209,parsing
39734252,python
39734836,python
39734836,pandas
39734836,dataframe
39734836,time-series
39735068,python
39735068,pandas
39735068,aggregate
39735676,python
39735676,pandas
39735676,dataframe
39735843,python
39735843,pycharm
39736000,python
39736000,python-2.7
39736000,python-3.x
39736000,pyinstaller
39736053,jquery
39736053,python
39736053,ajax
39736053,django
39736330,python
39736330,django
39736330,signals
39736575,python
39736575,string
39736575,overloading
39736575,operator-keyword
39736716,python
39736773,python
39736887,python
39736887,sympy
39736901,python
39736901,windows
39736901,unicode
39736901,cmd
39736901,codepages
39737300,python
39737300,string
39737300,python-2.7
39737300,substring
39737712,python
39737712,python-2.7
39737767,python
39737941,python
39737941,performance
39737941,list
39738423,python
39738423,python-3.x
39738423,flask
39738423,jinja2
39738504,python
39738504,multiprocessing
39738525,python
39738525,file
39738525,http
39738525,upload
39738525,python-requests
39739029,python
39739029,mysql
39739029,django
39739029,validation
39739029,django-models
39739093,python
39739093,csv
39739432,python
39739432,pandas
39739644,python
39739644,matplotlib
39739697,python
39739697,performance
39740109,python
39740109,matplotlib
39740109,jupyter-notebook
39740475,python
39740475,equality
39740475,sympy
39740475,equation
39740632,python
39740632,pycharm
39740632,python-3.4
39740632,python-3.5
39740632,type-hinting
39740814,python
39742127,python
39742127,algorithm
39742127,numpy
39742127,cluster-analysis
39742127,cython
39742624,python
39742624,mysql
39742624,mysql-workbench
39742624,database-migration
39748092,python
39748092,html
39748092,beautifulsoup
39748267,python
39748267,ubuntu
39748267,ubuntu-14.04
39748267,pythonpath
39748267,ubuntu-server
39748285,python
39748285,math
39748285,data-science
39748285,scikits
39748916,python
39748916,list
39748916,max
39748976,python
39748976,pandas
39749152,python
39749152,excel
39749152,pandas
39749152,xlsxwriter
39749242,python
39749242,pointers
39749242,linked-list
39749807,python
39749807,arrays
39749807,performance
39749807,numpy
39749807,large-data
39750041,python
39750041,icons
39750041,gtk3
39750879,python
39750879,string
39750879,algorithm
39750879,split
39750879,computer-science
39751242,python
39751242,regex
39751242,python-2.7
39751242,text-extraction
39751636,python
39751636,pandas
39751705,python
39751705,mojibake
39751866,python
39751866,python-3.x
39751866,pandas
39751866,expand
39751866,reindex
39751945,python
39752005,python
39752005,python-3.x
39752005,argparse
39752235,python
39752235,opencv
39752235,camera-calibration
39752235,hough-transform
39752729,python
39752729,pandas
39753441,python
39753441,wolfram-mathematica
39753441,sympy
39753441,symbolic-math
39753605,python
39753605,python-3.x
39753717,python
39753717,qt
39753717,pyqt
39753717,scintilla
39753717,qscintilla
39753972,python
39753972,matplotlib
39754222,python
39754222,regex
39754222,typeconverter
39754822,python
39754822,scrapy
39755045,python
39755045,list
39755045,sorting
39755171,python
39755171,string
39755171,python-3.x
39755171,list-comprehension
39755232,python
39755232,list
39755232,loops
39755232,csv
39755232,parsing
39755289,python
39755289,django
39755289,list-comprehension
39755742,python
39755742,pandas
39755981,python
39755981,python-3.x
39755981,pandas
39755981,dataframe
39756807,python
39756807,flask
39756807,python-requests
39756807,gunicorn
39756807,gevent
39756947,python
39756947,http-error
39757126,python
39757126,list
39757188,python
39757188,pandas
39757188,matplotlib
39757188,graph
39757188,interactive
39757901,python
39757901,pandas
39757901,dataframe
39758449,python
39758449,pandas
39758449,numpy
39758449,scikit-learn
39759240,python
39759240,openfst
39762576,python
39762576,pandas
39762576,indexing
39762576,multiple-columns
39762576,
39763091,python
39763091,nlp
39763091,nltk
39763091,spacy
39763436,python
39763436,pandas
39763436,group-by
39763436,mean
39763436,series
39764582,python
39764582,numpy
39764582,matrix
39764582,scipy
39764582,scikit-learn
39764652,python
39764652,pandas
39764652,multiple-columns
39764652,intersection
39764652,concat
39765264,python
39765264,pandas
39765264,indexing
39765264,condition
39765264,
39765738,python
39765738,scikit-learn
39765738,blaze
39766218,python
39766218,pandas
39766886,python
39766886,pandas
39768848,python
39768848,perl
39768848,plugins
39768848,registration
39768848,collectd
39768934,python
39768934,mongodb
39768934,ttl
39769958,python
39769958,list
39769958,numpy
39770863,python
39770863,arrays
39770863,numpy
39770863,multidimensional-array
39773480,python
39773480,pandas
39773480,numpy
39773480,merge
39773560,python
39773560,orm
39773560,sqlalchemy
39773922,python
39773922,numpy
39773922,structured-array
39774826,python
39774826,pandas
39774826,matplotlib
39774826,bar-chart
39774826,categories
39776890,python
39776890,arrays
39776890,numpy
39776890,transform
39777348,python
39778435,python
39778435,netcdf
39778443,python
39778443,django
39778657,python
39778657,django
39778978,python
39778978,string
39778978,python-3.x
39779488,python
39779488,numpy
39779488,biopython
39779538,python
39779538,abstract-syntax-tree
39779587,python
39779587,machine-learning
39779587,decision-tree
39781887,python
39781887,python-3.x
39781887,if-statement
39781887,condition
39781887,simplify
39782108,python
39782108,pandas
39782108,dictionary
39782108,group-by
39782108,aggregate
39782955,python
39782955,pandas
39782955,hover
39782955,tooltip
39782955,bokeh
39785577,python
39785577,raspberry-pi
39785577,gpio
39787103,python
39787103,datetime
39787103,dataframe
39787787,python
39787787,pandas
39793508,python
39793508,matplotlib
39794016,python
39794016,pandas
39796519,python
39796519,pandas
39796852,python
39796852,regex
39796852,regex-lookarounds
39798594,python
39798594,pandas
39799821,python
39799821,numpy
39799821,math
39799821,fft
39800223,python
39800223,numpy
39800223,vectorization
39800223,graph-algorithm
39800223,numpy-broadcasting
39801880,python
39801880,matplotlib
39801880,plot
39801880,graph
39801880,networkx
39801978,python
39801978,windows
39801978,python-3.x
39801978,unicode
39801978,character-encoding
39804034,python
39804034,https
39804034,pyqt
39804375,python
39804375,list
39804375,sorting
39804375,quicksort
39804774,python
39804774,algorithm
39804774,numpy
39804774,matrix
39804774,derivative
39805391,python
39805391,mechanize
39806895,python
39806895,glob
39806992,python
39807008,python
39807008,string
39807008,comparison
39807586,python
39807586,dictionary
39807948,python
39807948,iterator
39807948,iterable
39811963,python
39811963,algorithm
39811963,backtracking
39812385,python
39812385,sqlalchemy
39813433,python
39813433,dictionary
39815135,python
39815695,python
39815695,for-loop
39815695,for-else
39815771,python
39815771,python-3.x
39815771,asynchronous
39815771,celery
39815771,python-asyncio
39816433,python
39816433,celery
39816795,python
39816795,pandas
39816795,dataframe
39816795,string-length
39816795,maxlength
39817081,python
39817081,python-3.5
39817081,type-hinting
39817482,python
39817482,google-app-engine
39817482,web-deployment
39817482,contact-form
39818559,python
39818559,pandas
39818559,numpy
39820443,c#
39820443,python
39820443,.net
39820443,ironpython
39820443,python.net
39821166,python
39821166,list
39821166,python-3.x
39821166,reverse
39821166,sublist
39821687,python
39821687,unit-testing
39821866,python
39821866,sqlalchemy
39822087,python
39822087,flask
39822087,sqlalchemy
39822087,flask-sqlalchemy
39822159,python
39822159,flask
39822159,sqlite3
39822159,jinja2
39822188,python
39822188,flask
39822276,python
39822276,matrix
39822276,multidimensional-array
39822276,matrix-multiplication
39822944,python
39822944,readfile
39824273,python
39824273,selenium
39824273,python-multiprocessing
39824381,python
39824381,apache-spark
39824381,pyspark
39824381,caffe
39824381,pycaffe
39828366,python
39828366,bash
39828366,list
39828366,shell
39828366,grep
39829473,python
39829473,python-2.7
39829473,travis-ci
39829473,python-cryptography
39830235,python
39830235,celery
39830598,python
39830598,c++
39830598,makefile
39830598,visual-studio-2015
39830598,swig
39832721,python
39832773,python
39834523,python
39834523,matplotlib
39834523,plot
39836404,python
39836404,scrapy
39836404,screen-scraping
39836404,scrapy-spider
39836725,python
39836725,gtk
39836725,pygtk
39836725,gtk3
39836953,python
39836953,numpy
39836953,matplotlib
39836953,scikit-learn
39836953,precision-recall
39837416,python
39837416,optimization
39837416,set
39838419,python
39838419,list
39838419,python-3.x
39838419,music
39838419,args
39839119,python
39839119,algorithm
39839119,performance
39839119,permutation
39839119,combinatorics
39840625,python
39840625,string
39840625,list
39840625,python-3.x
39840638,python
39840638,interactive
39840638,mayavi
39840845,python
39840845,list
39840845,python-3.x
39840845,yield
39841204,python
39841204,pandas
39841204,matrix
39841204,dataframe
39841204,melt
39842253,python
39842253,python-3.x
39842386,python
39842386,django
39842758,python
39842758,django
39843371,python
39843488,python
39843488,python-3.x
39843584,python
39843584,nlp
39843584,gensim
39843584,word2vec
39843584,doc2vec
39843798,python
39843798,python-3.x
39843798,web
39843798,web-crawler
39843798,depth-first-search
39844100,python
39844100,c
39844100,python-extensions
39844473,python
39844473,algorithm
39844967,python
39844967,excel
39844967,pandas
39844967,dataframe
39845025,python
39845025,string
39845025,python-2.7
39845025,sorting
39845025,nested-loops
39845960,python
39845960,numpy
39845960,optimization
39845960,matrix
39846207,python
39846207,python-3.x
39846207,random
39846735,java
39846735,python
39846735,combinations
39847215,python
39847215,python-2.7
39847215,character-encoding
39847681,python
39847681,regex
39847995,python
39847995,json
39847995,linux
39847995,bioinformatics
39848164,python
39849497,python
39849497,html
39849497,selenium
39849497,beautifulsoup
39849875,python
39849875,html
39849875,django
39849875,django-templates
39849875,pythonanywhere
39850270,python
39850270,python-decorators
39850270,monkeypatching
39850550,python
39850550,list
39850550,pandas
39850550,dataframe
39850550,append
39850575,python
39851182,python
39851182,numpy
39851196,python
39851196,python-3.x
39851196,with-statement
39851743,python
39851743,datetime
39851743,pandas
39851743,time-series
39851743,pivot-table
39852123,python
39852123,string
39852123,replace
39852896,python
39852896,numpy
39852896,scipy
39852896,scikit-image
39852896,ndimage
39853311,python
39853311,pandas
39853311,explode
39853311,reshape
39853311,melt
39853321,python
39853321,date
39853781,python
39853781,matplotlib
39854373,python
39854373,pandas
39854373,time-series
39855410,python
39855410,tuples
39855410,variable-assignment
39855525,python
39855697,python
39855732,python
39857148,python
39857148,pandas
39857148,multi-index
39857515,python
39857515,google-app-engine
39857515,google-api
39857515,google-calendar
39857515,task-queue
39857691,python
39857691,sorting
39857796,python
39857796,python-asyncio
39857796,aiohttp
39858238,python
39858238,hadoop
39858238,apache-spark
39858238,pyspark
39858238,rdd
39858364,python
39858364,django
39860158,python
39860158,scala
39860158,grouping
39860431,python
39860431,performance
39860431,numpy
39860431,vectorization
39860985,python
39860985,python-3.x
39861662,python
39861662,github
39861662,fork
39861662,pull-request
39861685,python
39861685,multithreading
39861685,tornado
39861685,coroutine
39861685,dask
39861740,python
39861740,python-3.x
39861740,equality
39861911,python
39861911,regex
39861911,python-2.7
39861960,python
39861960,c
39861960,system
39861960,interpreter
39862022,python
39862022,zeromq
39862573,python
39862662,python
39862662,python-3.x
39863487,python
39863487,pandas
39863487,multiple-columns
39863487,swap
39863487,multi-index
39863718,python
39863718,logging
39863718,flask
39863989,python
39863989,python-2.7
39864096,python
39864096,pandas
39864096,iteration
39864096,large-files
39864184,python
39864184,windows
39864184,python-2.7
39864184,python-3.x
39865185,python
39865185,list
39865185,loops
39866051,python
39866051,sympy
39866976,python
39866976,tkinter
39866976,messagebox
39866976,pyinstaller
39867061,python
39867061,list
39867061,python-2.7
39867061,pandas
39867061,indexing
39868209,python
39868209,c++
39868209,g++
39868762,python
39868762,algorithm
39868762,linear-programming
39868762,integer-programming
39868990,python
39871227,python
39871227,function
39871227,syntax-error
39872981,python
39872981,arrays
39872981,numpy
39875272,python
39876136,python
39876136,numpy
39876608,python
39876608,terminal
39876729,python
39876729,windows
39876729,file-permissions
39876729,pywin32
39877725,python
39877725,fft
39877725,waveform
39877725,cross-correlation
39880209,python
39880209,pandas
39880209,time-series
39880411,python
39880411,unit-testing
39880411,python-3.x
39880411,jupyter-notebook
39882645,python
39882645,selenium
39883043,python
39883043,python-3.5
39883043,typing
39883656,python
39883656,pandas
39883656,dataframe
39883656,merge
39883656,concat
39883994,python
39883994,list
39885723,python
39885723,numpy
39885770,python
39885770,performance
39885770,pandas
39885770,vector
39885770,time-series
39887880,python
39888013,python
39888013,unit-testing
39888949,python
39888949,shell
39888949,text-files
39888949,delimiter
39888949,paste
39890147,python
39890147,memory
39890147,tensorflow
39890147,theano
39890147,keras
39890593,python
39890593,google-app-engine
39890593,documentation
39890593,app.yaml
39891202,python
39891202,epson
39891202,dot-matrix
39891202,escpos
39891809,python
39891809,performance
39891809,time
39891809,raspberry-pi
39891809,raspbian
39892460,python
39892460,python-2.7
39892460,csv
39892460,difference
39892460,differentiation
39892920,python
39893006,python
39893006,linux
39893006,mmap
39894363,python
39894363,tuples
39894896,python
39894896,matplotlib
39894896,plot
39894896,limits
39895330,python
39895330,numpy
39895330,plot
39895330,linear-algebra
39895330,orthogonal
39896985,python
39896985,neural-network
39896985,deep-learning
39896985,theano
39896985,lasagne
39897333,python
39897333,return
39897333,indentation
39898514,python
39898514,generator
39898927,python
39898927,python-2.7
39898927,opencv
39899005,python
39899005,json
39899005,pandas
39899005,flatten
39899451,python
39899451,google-app-engine
39899451,google-cloud-datastore
39899451,app-engine-ndb
39899580,python
39899580,python-2.7
39900061,python
39900061,pandas
39900208,python
39900208,arrays
39900208,numpy
39900208,unique
39900493,python
39900493,pandas
39900493,pivot-table
39900630,python
39900630,c++
39900630,python-c-api
39901833,python
39901833,pandas
39901833,dictionary
39901833,floating-point
39902832,python
39902832,csv
39902832,beautifulsoup
39903242,python
39903242,python-2.7
39904161,python
39904161,algorithm
39904161,list
39904161,tuples
39904506,python
39904506,pandas
39904506,numpy
39904506,matrix
39904506,numba
39904590,python
39904590,class
39904590,variables
39904590,keyword-argument
39905702,python
39905702,pdf
39905702,matplotlib
39905702,contour
39907315,python
39907315,pandas
39907806,python
39907806,python-3.x
39908518,python
39908518,uuid
39909214,python
39909214,dictionary
39909214,split
39909927,python
39909927,argparse
39910050,python
39910050,numpy
39910050,random
39910941,python
39913847,python
39913847,build
39914524,python
39914524,json
39914524,dictionary
39917988,python
39918053,python
39918053,pandas
39918053,stack
39918053,cumsum
39919699,python
39919699,unit-testing
39919699,python-3.x
39919699,exception-handling
39919699,python-unittest.mock
39919928,python
39919928,google-app-engine
39919928,google-cloud-datastore
39921607,python
39921607,tensorflow
39921607,custom-build
39921607,activation-function
39922504,python
39922504,matplotlib
39922504,contour
39922986,python
39922986,pandas
39922986,dataframe
39922986,group-by
39922986,aggregate
39925931,python
39926567,python
39926628,python
39926628,arrays
39926628,numpy
39926628,scipy
39927318,python
39927318,list
39927318,python-3.x
39927318,dictionary
39928716,python
39928716,flask
39934187,python
39934187,list
39934187,python-2.7
39934187,for-loop
39934187,list-comprehension
39935030,python
39935030,rust
39935030,ctypes
39935030,ffi
39935335,python
39935335,python-2.7
39935335,beautifulsoup
39936220,python
39936344,python
39936344,string
39936344,algorithm
39936344,permutation
39936967,python
39936967,algorithm
39936967,opencv
39936967,raspberry-pi
39936967,computer-vision
39937160,python
39937160,algorithm
39938449,python
39938449,list
39938449,python-3.x
39938449,sum
39938862,python
39938890,python
39938890,module
39939093,python
39939093,osx
39939093,octave
39939093,sympy
39939741,python
39939768,javascript
39939768,python
39939768,node.js
39939768,python-2.7
39939768,npm
39939773,python
39939773,numpy
39939773,multidimensional-array
39939780,python
39939780,imagemagick
39939780,animated-gif
39939780,wand
39941128,python
39941128,matplotlib
39941174,python
39941174,python-3.x
39941393,python
39941397,python
39941397,recursion
39941397,runtime-error
39941397,pypy
39942189,python
39942189,string
39942189,python-3.x
39942189,dictionary
39942189,set
39943765,python
39943765,nltk
39943895,python
39943895,vsphere
39943895,pysphere
39944494,python
39944494,fonts
39944494,pygame
39945178,python
39945178,pandas
39945615,python
39946092,python
39946092,string
39946092,python-3.x
39946092,for-loop
39946538,python
39946538,regex
39946666,python
39946798,python
39946798,regex
39946798,csv
39947975,python
39947975,loops
39947975,recursion
39947975,mathematical-optimization
39948237,python
39948237,c
39948485,python
39948485,c
39948543,python
39948543,numpy
39948902,python
39948902,combinations
39949113,python
39949113,path-finding
39949497,python
39949497,regex
39949497,tokenize
39949719,python
39949719,mysql
39949719,django
39950111,python
39950130,python
39950130,python-2.7
39950130,optimization
39950130,import
39950130,load
39950951,python
39950951,pandas
39950951,numpy
39951502,python
39951502,theano
39951502,keras
39951502,reinforcement-learning
39951581,python
39951581,pandas
39953346,python
39953346,multithreading
39953346,memory-leaks
39954668,python
39954668,pandas
39954668,dataframe
39955222,python
39955336,python
39955336,pandas
39955336,dataframe
39955336,pivot
39956313,python
39956313,numpy
39956313,vectorization
39956782,python
39956782,loops
39956782,input
39957573,python
39957573,regex
39957573,group
39957761,python
39957761,xml
39957761,python-3.x
39957761,dom
39957761,minidom
39958095,python
39958095,python-3.x
39958095,matrix
39958110,python
39958110,concurrency
39958110,python-asyncio
39959206,python
39959206,mongodb
39959206,mongodb-query
39959206,aggregation-framework
39959206,mongodb-aggregation
39959409,python
39959409,windows
39959435,python
39959435,numpy
39959435,theano
39959889,c#
39959889,python
39959889,.net
39959889,nullable
39959889,python.net
39960754,python
39960941,python
39960941,performance
39960941,python-3.x
39962499,python
39962499,python-2.7
39962499,difflib
39963364,python
39963364,turtle-graphics
39963745,python
39963745,boto3
39964555,python
39964555,numpy
39964555,indexing
39966149,python
39966149,tensorflow
39966149,backpropagation
39966149,gradient-descent
39966239,python
39966239,python-3.x
39966239,rounding
39966239,string-formatting
39966239,string.format
39967037,python
39967037,rss
39967037,feedparser
39969463,python
39969463,loops
39969463,random
39969798,python
39969798,algorithm
39969798,dictionary
39970703,python
39970703,pandas
39970703,group-by
39970703,boolean
39970703,closest
39970857,python
39970857,list
39970857,python-3.x
39970857,distance
39971030,python
39971030,slice
39971625,python
39971625,matplotlib
39971625,linechart
39971929,python
39971929,python-3.x
39971929,annotations
39971929,type-hinting
39971929,python-3.6
39971999,python
39971999,selenium
39971999,phantomjs
39973360,python
39973360,list
39973360,for-loop
39973360,division
39976348,python
39976348,pandas
39976715,python
39976715,python-3.x
39976715,logging
39977069,python
39977069,regex
39977069,encryption
39977069,beautifulsoup
39977069,base64
39978375,python
39978375,function
39978375,module
39978405,python
39978405,python-2.7
39978405,encode
39978405,pyodbc
39978405,nvarchar
39978527,python
39978527,apache-spark
39978527,pyspark
39978527,apache-spark-sql
39978527,spark-dataframe
39978529,python
39978529,arrays
39978529,list
39978893,python
39978893,arrays
39978893,numpy
39979293,python
39979293,python-2.7
39979293,sympy
39979293,equation
39979293,equation-solving
39979358,python
39979358,date
39979358,pandas
39979889,python
39979889,pandas
39980323,python
39980323,python-3.x
39980323,dictionary
39980323,python-internals
39980323,python-3.6
39981210,python
39981210,sharepoint
39981210,onedrive
39981210,onedrive-api
39981237,python
39981237,if-statement
39986786,python
39986786,pandas
39986786,dataframe
39986786,hdf5
39986786,pytables
39986925,python
39986925,python-2.7
39986925,csv
39986925,pandas
39987071,python
39987071,pandas
39987071,matplotlib
39987071,plot
39987596,python
39987596,python-3.x
39987708,python
39987708,list
39987708,dictionary
39987860,python
39987860,pandas
39987860,apply
39987877,python
39988379,python
39988379,list
39988589,python
39988589,python-3.x
39988589,pandas
39988589,dataframe
39988621,python
39988621,fortran
39988903,python
39988903,pandas
39988903,indexing
39988903,dataframe
39988903,series
39989646,python
39989646,py2exe
39989777,python
39989777,list
39989777,python-3.x
39989777,dictionary
39990287,python
39990287,datetime
39990287,pandas
39990287,date-range
39990287,hour
39990657,python
39990657,regex
39990657,loops
39990657,hang
39990844,python
39990844,django
39990844,gunicorn
39992653,python
39992653,pandas
39992653,dataframe
39993507,python
39993507,algorithm
39993507,dynamic-programming
39993507,memoization
39993744,python
39993744,pandas
39993744,data-science
39996295,python
39996295,argparse
39996814,python
39997297,python
39997297,linux
39997297,python-2.7
39997334,python
39997334,python-2.7
39997334,pandas
39997840,python
39997840,c++
39997840,out-of-memory
39997840,python-asyncio
39997840,pybind11
39998424,python
40000718,python
40000718,pandas
40000718,numpy
40000718,max
40000718,where
40003067,python
40003067,class
40003067,python-3.x
40003559,python
40003559,pandas
40003559,group-by
40003559,sum
40003559,aggregate
40004517,python
40004871,python
40004871,pandas
40005701,python
40005701,django
40005701,sockets
40005701,session
40005701,django-channels
40006169,python
40006169,performance
40006169,python-2.7
40006169,numpy
40006169,vectorization
40006395,python
40006395,apache-spark
40006395,pyspark
40006395,spark-dataframe
40006763,python
40006763,reinforcement-learning
40006763,sarsa
40008155,python
40008155,python-2.7
40008155,methods
40008155,subclass
40008998,python
40008998,loops
40008998,csv
40009015,python
40009015,string
40010066,python
40010066,list
40010175,python
40010175,list
40010175,dictionary
40012062,python
40012062,string
40012062,python-3.x
40012745,python
40012745,python-2.7
40012745,command-line-interface
40012745,docopt
40014390,python
40014390,python-2.7
40015439,python
40015439,python-3.x
40016025,python
40016025,django
40016025,django-models
40016025,relationship
40016192,python
40016192,arrays
40016192,json
40016192,dictionary
40016359,python
40016359,list
40016373,python
40016373,c++
40016373,asynchronous
40016373,multiprocessing
40016431,python
40016431,regex
40016950,python
40016950,regex
40018398,python
40018398,list
40018398,list-comprehension
40020326,python
40020326,regex
40020326,string
40022102,python
40022757,python
40022757,python-2.7
40022757,google-analytics
40022757,google-analytics-api
40022982,python
40022982,django
40022982,forms
40022982,dynamic
40022982,formset
40023663,python
40023663,function
40023663,arguments
40023663,global-variables
40024017,python
40024017,regex
40024017,django
40024294,python
40024294,python-3.x
40024294,pandas
40024294,dataframe
40024294,spyder
40024406,python
40024406,pandas
40024406,dataframe
40024666,python
40024666,sql
40024666,pandas
40024666,count
40024666,distinct
40024721,python
40024721,pandas
40024721,pivot-table
40024721,data-manipulation
40024721,multi-index
40025181,python
40025181,rethinkdb
40025238,python
40025238,python-3.x
40025238,python-import
40025238,abstract-syntax-tree
40025616,python
40025616,multithreading
40025616,tkinter
40025616,python-3.4
40025837,python
40025837,python-3.x
40025837,sympy
40027108,python
40027108,flask
40027108,flask-restful
40027233,python
40027233,pandas
40027392,python
40027392,python-3.x
40027675,python
40027675,selenium-webdriver
40028380,javascript
40028380,python
40028380,json
40028380,node.js
40028380,restify
40028498,python
40028498,python-2.7
40028498,function
40028498,parameters
40028498,enums
40028755,python
40028755,json
40028755,python-3.x
40028755,formatting
40029071,python
40029071,python-2.7
40029071,pandas
40029071,dataframe
40029071,series
40029807,python
40029807,class
40029807,python-3.x
40029807,metaclass
40030362,python
40030362,pandas
40030448,python
40030448,arrays
40030448,performance
40030448,numpy
40030448,masking
40031287,python
40031287,pandas
40031287,matrix
40031287,dataframe
40031406,python
40031406,postgresql
40031406,parsing
40031406,elasticsearch
40031406,nlp
40031422,python
40031422,setuptools
40031569,python
40031569,pandas
40031724,python
40031724,django
40031724,visual-studio
40031792,python
40031792,python-3.x
40031792,simplehttpserver
40031794,python
40031794,pandas
40031794,dataframe
40031794,web-scraping
40031906,python
40031906,metaclass
40032039,python
40032039,pandas
40032219,python
40032408,python
40032408,syntax-error
40032632,python
40032632,regex
40032632,parsing
40032632,svn
40032909,python
40032909,python-3.x
40032909,for-loop
40033009,python
40033009,computer-science
40033009,jython
40033009,jes
40033066,python
40033066,linux
40033471,python
40033471,pandas
40033948,python
40033948,animation
40033948,matplotlib
40033948,arrow
40034570,python
40034570,python-2.7
40034570,tensorflow
40034950,python
40034950,dictionary
40035276,python
40035276,arrays
40035276,pandas
40035276,dataframe
40035361,python
40035361,binary
40035361,floating-point
40035361,octal
40038320,python
40038320,bash
40038320,rmarkdown
40039156,python
40039156,string
40039156,string-interning
40039516,python
40039516,format
40039531,python
40039531,python-2.7
40039531,pandas
40040250,python
40040250,django
40040250,django-admin
40040453,python
40040453,text
40040453,random
40040453,nlp
40040453,named-entity-recognition
40040564,python
40040564,selenium
40040564,file-upload
40040564,selenium-webdriver
40040564,pywinauto
40041094,python
40041094,openerp
40041094,odoo-8
40041094,wkhtmltopdf
40041094,centos6
40041697,python
40041697,tcp
40041697,syslog
40041697,fluentd
40041757,python
40041757,csv
40041757,pandas
40041845,python
40041845,class
40041845,oop
40041845,pandas
40041845,dictionary
40042223,python
40042223,matplotlib
40042223,legend-properties
40042345,python
40042345,django
40042345,enums
40042573,python
40042573,numpy
40043715,python
40043715,html
40043715,beautifulsoup
40044714,python
40044714,performance
40044714,numpy
40044714,numpy-einsum
40044814,python
40044814,python-2.7
40044814,python-3.x
40045159,python
40045159,keras
40045159,conv-neural-network
40046167,python
40046167,docker
40046167,anaconda
40046952,python
40046952,osx
40046952,homebrew
40047029,python
40047291,python
40047291,python-3.x
40047291,pandas
40047291,python-requests
40047742,python
40047742,mysql
40047742,python-3.x
40048006,python
40048006,numpy
40048309,python
40048309,sympy
40048323,python
40048323,pandas
40049036,python
40049802,python
40049802,pandas
40049802,transform
40050149,python
40050149,glob
40050238,python
40050238,python-2.7
40050238,floating-point
40050238,precision
40050780,python
40050780,linux
40051073,python
40051205,python
40051205,linux
40051205,python-3.5
40051299,python
40051299,scripting
40051299,multiprocessing
40051567,python
40051567,pandas
40051567,dataframe
40051567,merge
40051653,python
40051653,pandas
40051914,python
40051914,python-3.x
40051914,for-loop
40051914,return
40051914,return-value
40052328,python
40052328,memory
40052328,bigdata
40052348,python
40052348,pyqt
40052348,pyqt4
40052348,qpushbutton
40052348,import-csv
40052981,python
40052981,multithreading
40052981,pandas
40052981,cluster-computing
40052981,dask
40053653,python
40053653,regex
40053875,python
40053875,arrays
40053875,numpy
40053875,parallel-processing
40053875,dask
40054079,python
40054079,gevent
40054935,python
40054935,tensorflow
40055177,python
40055177,arrays
40055177,numpy
40055177,variable-assignment
40055225,python
40055225,machine-learning
40055225,keras
40055835,python
40055835,arrays
40055835,numpy
40056061,python
40056061,algorithm
40056061,python-2.7
40056061,convex-hull
40056275,python
40056275,numpy
40056998,python
40056998,json
40056998,python-3.x
40057058,python
40057058,html
40057058,web-scraping
40057058,beautifulsoup
40057218,python
40057218,regex
40057253,python
40057253,gmail-api
40057253,google-cloud-pubsub
40058686,python
40058686,matlab
40058686,opencv
40058686,image-processing
40058686,ipython
40058748,python
40058748,multithreading
40058748,multiprocessing
40058748,eventlet
40058748,flask-socketio
40059330,python
40059330,arrays
40059330,pygame
40059330,concatenation
40059890,python
40059890,yaml
40059994,python
40059994,python-2.7
40059994,pandas
40060094,python
40060094,dictionary
40060094,kwargs
40061185,python
40061185,python-3.x
40061185,numpy
40061185,matrix
40061185,scipy
40061280,python
40061280,python-2.7
40061280,indexing
40061280,generator
40061280,yield
40061297,python
40061307,python
40061307,performance
40061307,numpy
40061307,fft
40062621,python
40062621,pandas
40062621,duplicates
40062836,python
40062836,xpath
40062836,scrapy
40062965,python
40062965,pandas
40062965,dataframe
40062965,pytables
40062965,hdf
40063034,python
40063034,arrays
40063034,numpy
40063242,python
40063242,pandas
40063242,dataframe
40063269,python
40063269,go
40063269,time
40063269,sqrl
40063580,python
40063580,pandas
40063776,python
40063776,selenium
40063776,ubuntu
40064202,python
40064202,import
40064377,python
40064377,algorithm
40064377,performance
40064377,python-3.x
40064377,time-complexity
40064422,python
40064422,machine-learning
40064422,computer-vision
40064422,neural-network
40064422,tensorflow
40064750,python
40064750,for-loop
40064750,indentation
40064750,break
40065108,python
40065108,regex
40065321,python
40065321,git
40065321,pip
40065321,setup.py
40065378,python
40065378,numpy
40065378,matplotlib
40065378,colors
40065479,python
40065479,arrays
40065479,numpy
40065479,vectorization
40065641,python
40065641,pandas
40065641,join
40065641,where
40065641,concat
40065762,python
40065762,pandas
40065762,matplotlib
40065762,plot
40065971,python
40065971,pandas
40066387,python
40066387,properties
40066439,python
40066439,list
40066439,for-loop
40066439,dictionary
40066439,frequency
40066778,python
40066778,algorithm
40066778,complexity-theory
40068572,python
40068572,pandas
40068572,dataframe
40068572,type-conversion
40068572,series
40068605,python
40068605,pandas
40068605,matplotlib
40068605,subplot
40068695,python
40068695,subprocess
40068695,netsh
40069151,python
40069151,pandas
40069185,python
40069185,jython
40069185,jes
40069694,python
40069694,pandas
40070037,python
40070037,numpy
40070037,matplotlib
40070249,python
40070249,c++
40070249,data-transfer
40071096,python
40071096,pandas
40071096,matplotlib
40071096,plot
40071214,python
40071214,stack
40071214,subroutine
40071214,routines
40072420,python
40072420,numpy
40072420,matplotlib
40072420,scipy
40072420,interpolation
40072873,python
40072873,multithreading
40072950,python
40072950,pandas
40072950,dataframe
40074004,python
40074004,python-2.7
40074004,popup
40074004,kivy
40074032,python
40074032,permissions
40074032,user
40074032,windows-10
40074054,python
40074054,windows-7
40074054,cursor-position
40074054,pywinauto
40074155,python
40074155,distance
40074155,knn
40074385,python
40074385,json
40074385,youtube
40074385,youtube-api
40074385,jupyter-notebook
40074425,python
40074425,python-2.7
40074425,zipline
40074637,python
40074637,pyqt4
40074637,porting
40074637,pyqt5
40074739,python
40074739,pandas
40074739,numpy
40075106,python
40075106,pandas
40075106,dictionary
40075106,replace
40075164,python
40075164,performance
40075164,pandas
40075164,numpy
40075829,python
40075829,luhn
40076176,python
40076176,pandas
40076176,dataframe
40076274,python
40076274,kivy
40076280,python
40076280,arrays
40076280,numpy
40076280,pad
40076512,python
40076512,firebase
40076534,python
40076534,pandas
40076534,dataframe
40076616,python
40076616,python-2.7
40076616,ipython
40076616,zipline
40076618,python
40076618,traveling-salesman
40076618,simulated-annealing
40076806,python
40076806,pandas
40076861,python
40076861,pandas
40076861,dataframe
40076887,python
40076887,datetime
40077010,python
40077010,tensorflow
40077180,python
40077188,python
40077188,pandas
40077188,dataframe
40077209,python
40077209,list
40077209,dictionary
40077209,counter
40077230,python
40077432,python
40077432,scikit-learn
40077432,svm
40077591,python
40077591,python-3.x
40077591,random
40077880,python
40077880,django
40077880,twitter-bootstrap
40077880,django-templates
40077880,templatetags
40077966,python
40077966,list
40077966,plot
40077966,crop
40077966,slice
40078015,python
40078015,flask
40078015,flask-restful
40078164,python
40078164,django
40078164,postgresql
40078164,transactions
40078164,locking
40078265,python
40078265,luhn
40078532,python
40078536,python
40078536,web-scraping
40078718,python
40078718,gstreamer
40078718,gtk3
40078718,xlib
40079728,python
40079728,django
40079728,python-3.x
40080263,python
40080263,combinations
40080263,permutation
40080783,python
40080783,inheritance
40081237,python
40082844,python
40082844,pandas
40082844,slice
40083007,python
40083007,list
40083007,python-2.7
40083007,nested
40084895,python
40084895,matlab
40084895,csv
40084895,plot
40084895,gnuplot
40084931,python
40084931,numpy
40084931,vectorization
40086365,python
40086365,datetime
40086386,python
40086386,django
40086386,postgresql
40086386,pandas
40086386,django-models
40086500,python
40086500,qt
40086500,class
40086500,module
40086500,pyqt
40087681,python
40088559,python
40088745,python
40088745,httprequest
40088745,netcdf
40088745,opendap
40088930,python
40088930,list
40088930,cyclic-reference
40089134,python
40089134,python-3.x
40089134,flask
40089134,flask-restful
40089526,python
40089526,function
40089526,stdout
40089526,piping
40090235,python
40090235,pandas
40090522,python
40090522,pandas
40090600,python
40090600,python-3.x
40090600,types
40090600,type-hinting
40090619,python
40090619,datetime
40090619,pandas
40090892,python
40090892,gpu
40090892,caffe
40091617,python
40091617,list
40091617,python-3.x
40091796,python
40091796,pandas
40091796,numpy
40091796,feature-extraction
40091894,python
40091894,regex
40091894,non-greedy
40091996,python
40091996,pandas
40091996,pivot
40091996,pivot-table
40091996,transpose
40092147,python
40092147,django
40092147,apache
40092147,django-models
40092294,python
40092294,pandas
40092294,matplotlib
40092294,dataset
40092294,histogram
40092789,python
40092789,plone
40092789,zope
40092789,dexterity
40092789,plone-4.x
40094470,python
40094470,python-2.7
40094470,tornado
40094470,coroutine
40094588,python
40094588,regex
40094588,python-3.x
40094823,python
40094823,django
40094823,api
40094823,django-rest-framework
40094972,python
40094972,arguments
40094972,decorator
40095133,python
40095133,variables
40095133,text
40095686,python
40095686,arrays
40095686,numpy
40095686,multidimensional-array
40095686,scipy
40095712,python
40095712,pandas
40095712,numpy
40095712,dataframe
40095712,types
40095860,python
40095860,scrapy
40096278,python
40096278,pandas
40096278,histogram
40096308,python
40096323,python
40096323,numpy
40096323,lambda
40096601,python
40096601,printing
40096601,reserved
40096612,python
40096612,python-3.x
40096612,filehandler
40096621,python
40096621,dhcp
40096826,python
40096826,numpy
40096826,dictionary
40096846,python
40097086,python
40097086,numpy
40097086,matplotlib
40097088,python
40097088,xml
40097088,python-3.x
40097088,beautifulsoup
40097144,python
40097144,bash
40097144,docker
40097194,python
40097194,pandas
40097194,dataframe
40097366,python
40097366,python-3.x
40097366,dictionary
40097711,python
40097711,list
40097711,user-interface
40097711,tkinter
40097711,mouseover
40097863,python
40097863,dictionary
40098500,python
40098500,python-3.x
40098500,python-3.5
40099427,python
40099817,python
40099817,python-3.x
40099817,argparse
40099817,file-extension
40099924,python
40099924,pandas
40100733,python
40100733,pyqt
40100733,qpolygon
40101130,python
40101130,pandas
40101130,numpy
40101130,dataframe
40101130,series
40101371,python
40101371,arrays
40101371,numpy
40101873,python
40101873,scikit-learn
40101873,nltk
40101873,k-means
40101873,tf-idf
40102274,python
40102274,c
40102274,python-3.x
40102274,ctypes
40106468,python
40106468,string
40106468,escaping
40106468,sequence
40108070,python
40108070,linux
40108070,bash
40108070,performance
40110468,python
40110468,string
40110468,python-3.x
40110468,dictionary
40110468,recursion
40110540,python
40110540,jupyter
40110540,jupyter-notebook
40111730,python
40111730,pandas
40111730,dataframe
40111730,categorical-data
40113552,python
40113552,pandas
40116219,python
40116219,pandas
40116219,dataframe
40117685,python
40117685,string
40117685,pandas
40118133,python
40118133,python-requests
40119050,python
40119050,python-3.x
40119050,pandas
40119050,text
40119486,python
40119486,pandas
40119616,python
40120299,python
40120299,pandas
40120299,numpy
40120299,dataframe
40120770,python
40120770,python-2.7
40120770,unit-testing
40120770,python-unittest
40121350,python
40121350,pandas
40121871,python
40121871,pandas
40122713,python
40122713,python-2.7
40123132,python
40123132,pandas
40123132,vectorization
40123132,cross-validation
40126403,python
40126403,function
40126403,python-3.x
40126683,python
40126683,list
40126683,random
40128895,python
40128895,performance
40128895,numpy
40128895,matrix
40132067,python
40132067,python-2.7
40132067,sqlite
40132067,raspberry-pi
40132352,python
40132352,arrays
40132352,numpy
40132771,python
40132771,command-line-arguments
40132771,python-click
40133016,python
40133016,pandas
40133016,numpy
40133826,python
40134175,python
40134175,linux
40134175,bash
40134175,raspberry-pi
40134175,.bash-profile
40134664,python
40134664,pandas
40134811,python
40134811,pandas
40134811,try-except
40135459,python
40135459,pandas
40137072,python
40137072,python-3.4
40137114,python
40137114,python-3.x
40137114,module
40138031,python
40138031,linux
40138031,numpy
40138031,audio
40138031,ffmpeg
40140933,python
40140933,python-2.7
40140933,pandas
40140942,python
40140942,numpy
40140942,vectorization
40140942,numpy-broadcasting
40141881,python
40141881,pandas
